{"cameraMode":{"drawMode":0,"name":"Shaded","section":"Shading Mode"},"sceneLighting":true,"audioPlay":false,"sceneViewState":{"showFog":true,"showMaterialUpdate":true,"showSkybox":true,"showFlares":true,"showImageEffects":true,"showParticleSystems":true},"in2DMode":false,"pivot":{"x":1.1236399412155152,"y":-0.7324557900428772,"z":3.9176928997039797},"rotation":{"x":-0.09864673018455506,"y":-0.10333805531263352,"z":0.01022389531135559,"w":-0.9896896481513977},"size":4.13440465927124,"orthographic":false}